-- Adminer 4.6.2 PostgreSQL dump

DROP TABLE IF EXISTS "auth_group";
DROP SEQUENCE IF EXISTS auth_group_id_seq;
CREATE SEQUENCE auth_group_id_seq INCREMENT 1 MINVALUE 1 MAXVALUE 2147483647 START 1 CACHE 1;

CREATE TABLE "public"."auth_group" (
    "id" integer DEFAULT nextval('auth_group_id_seq') NOT NULL,
    "name" character varying(80) NOT NULL,
    CONSTRAINT "auth_group_name_key" UNIQUE ("name"),
    CONSTRAINT "auth_group_pkey" PRIMARY KEY ("id")
) WITH (oids = false);

CREATE INDEX "auth_group_name_a6ea08ec_like" ON "public"."auth_group" USING btree ("name");


DROP TABLE IF EXISTS "auth_group_permissions";
DROP SEQUENCE IF EXISTS auth_group_permissions_id_seq;
CREATE SEQUENCE auth_group_permissions_id_seq INCREMENT 1 MINVALUE 1 MAXVALUE 2147483647 START 1 CACHE 1;

CREATE TABLE "public"."auth_group_permissions" (
    "id" integer DEFAULT nextval('auth_group_permissions_id_seq') NOT NULL,
    "group_id" integer NOT NULL,
    "permission_id" integer NOT NULL,
    CONSTRAINT "auth_group_permissions_group_id_permission_id_0cd325b0_uniq" UNIQUE ("group_id", "permission_id"),
    CONSTRAINT "auth_group_permissions_pkey" PRIMARY KEY ("id"),
    CONSTRAINT "auth_group_permissio_permission_id_84c5c92e_fk_auth_perm" FOREIGN KEY (permission_id) REFERENCES auth_permission(id) DEFERRABLE INITIALLY DEFERRED DEFERRABLE,
    CONSTRAINT "auth_group_permissions_group_id_b120cbf9_fk_auth_group_id" FOREIGN KEY (group_id) REFERENCES auth_group(id) DEFERRABLE INITIALLY DEFERRED DEFERRABLE
) WITH (oids = false);

CREATE INDEX "auth_group_permissions_group_id_b120cbf9" ON "public"."auth_group_permissions" USING btree ("group_id");

CREATE INDEX "auth_group_permissions_permission_id_84c5c92e" ON "public"."auth_group_permissions" USING btree ("permission_id");


DROP TABLE IF EXISTS "auth_permission";
DROP SEQUENCE IF EXISTS auth_permission_id_seq;
CREATE SEQUENCE auth_permission_id_seq INCREMENT 1 MINVALUE 1 MAXVALUE 2147483647 START 1 CACHE 1;

CREATE TABLE "public"."auth_permission" (
    "id" integer DEFAULT nextval('auth_permission_id_seq') NOT NULL,
    "name" character varying(255) NOT NULL,
    "content_type_id" integer NOT NULL,
    "codename" character varying(100) NOT NULL,
    CONSTRAINT "auth_permission_content_type_id_codename_01ab375a_uniq" UNIQUE ("content_type_id", "codename"),
    CONSTRAINT "auth_permission_pkey" PRIMARY KEY ("id"),
    CONSTRAINT "auth_permission_content_type_id_2f476e4b_fk_django_co" FOREIGN KEY (content_type_id) REFERENCES django_content_type(id) DEFERRABLE INITIALLY DEFERRED DEFERRABLE
) WITH (oids = false);

CREATE INDEX "auth_permission_content_type_id_2f476e4b" ON "public"."auth_permission" USING btree ("content_type_id");

INSERT INTO "auth_permission" ("id", "name", "content_type_id", "codename") VALUES
(1,	'Can add log entry',	1,	'add_logentry'),
(2,	'Can change log entry',	1,	'change_logentry'),
(3,	'Can delete log entry',	1,	'delete_logentry'),
(4,	'Can add permission',	2,	'add_permission'),
(5,	'Can change permission',	2,	'change_permission'),
(6,	'Can delete permission',	2,	'delete_permission'),
(7,	'Can add group',	3,	'add_group'),
(8,	'Can change group',	3,	'change_group'),
(9,	'Can delete group',	3,	'delete_group'),
(10,	'Can add user',	4,	'add_user'),
(11,	'Can change user',	4,	'change_user'),
(12,	'Can delete user',	4,	'delete_user'),
(13,	'Can add content type',	5,	'add_contenttype'),
(14,	'Can change content type',	5,	'change_contenttype'),
(15,	'Can delete content type',	5,	'delete_contenttype'),
(16,	'Can add session',	6,	'add_session'),
(17,	'Can change session',	6,	'change_session'),
(18,	'Can delete session',	6,	'delete_session');

DROP TABLE IF EXISTS "auth_user";
DROP SEQUENCE IF EXISTS auth_user_id_seq;
CREATE SEQUENCE auth_user_id_seq INCREMENT 1 MINVALUE 1 MAXVALUE 2147483647 START 1 CACHE 1;

CREATE TABLE "public"."auth_user" (
    "id" integer DEFAULT nextval('auth_user_id_seq') NOT NULL,
    "password" character varying(128) NOT NULL,
    "last_login" timestamptz,
    "is_superuser" boolean NOT NULL,
    "username" character varying(150) NOT NULL,
    "first_name" character varying(30) NOT NULL,
    "last_name" character varying(150) NOT NULL,
    "email" character varying(254) NOT NULL,
    "is_staff" boolean NOT NULL,
    "is_active" boolean NOT NULL,
    "date_joined" timestamptz NOT NULL,
    CONSTRAINT "auth_user_pkey" PRIMARY KEY ("id"),
    CONSTRAINT "auth_user_username_key" UNIQUE ("username")
) WITH (oids = false);

CREATE INDEX "auth_user_username_6821ab7c_like" ON "public"."auth_user" USING btree ("username");


DROP TABLE IF EXISTS "auth_user_groups";
DROP SEQUENCE IF EXISTS auth_user_groups_id_seq;
CREATE SEQUENCE auth_user_groups_id_seq INCREMENT 1 MINVALUE 1 MAXVALUE 2147483647 START 1 CACHE 1;

CREATE TABLE "public"."auth_user_groups" (
    "id" integer DEFAULT nextval('auth_user_groups_id_seq') NOT NULL,
    "user_id" integer NOT NULL,
    "group_id" integer NOT NULL,
    CONSTRAINT "auth_user_groups_pkey" PRIMARY KEY ("id"),
    CONSTRAINT "auth_user_groups_user_id_group_id_94350c0c_uniq" UNIQUE ("user_id", "group_id"),
    CONSTRAINT "auth_user_groups_group_id_97559544_fk_auth_group_id" FOREIGN KEY (group_id) REFERENCES auth_group(id) DEFERRABLE INITIALLY DEFERRED DEFERRABLE,
    CONSTRAINT "auth_user_groups_user_id_6a12ed8b_fk_auth_user_id" FOREIGN KEY (user_id) REFERENCES auth_user(id) DEFERRABLE INITIALLY DEFERRED DEFERRABLE
) WITH (oids = false);

CREATE INDEX "auth_user_groups_group_id_97559544" ON "public"."auth_user_groups" USING btree ("group_id");

CREATE INDEX "auth_user_groups_user_id_6a12ed8b" ON "public"."auth_user_groups" USING btree ("user_id");


DROP TABLE IF EXISTS "auth_user_user_permissions";
DROP SEQUENCE IF EXISTS auth_user_user_permissions_id_seq;
CREATE SEQUENCE auth_user_user_permissions_id_seq INCREMENT 1 MINVALUE 1 MAXVALUE 2147483647 START 1 CACHE 1;

CREATE TABLE "public"."auth_user_user_permissions" (
    "id" integer DEFAULT nextval('auth_user_user_permissions_id_seq') NOT NULL,
    "user_id" integer NOT NULL,
    "permission_id" integer NOT NULL,
    CONSTRAINT "auth_user_user_permissions_pkey" PRIMARY KEY ("id"),
    CONSTRAINT "auth_user_user_permissions_user_id_permission_id_14a6b632_uniq" UNIQUE ("user_id", "permission_id"),
    CONSTRAINT "auth_user_user_permi_permission_id_1fbb5f2c_fk_auth_perm" FOREIGN KEY (permission_id) REFERENCES auth_permission(id) DEFERRABLE INITIALLY DEFERRED DEFERRABLE,
    CONSTRAINT "auth_user_user_permissions_user_id_a95ead1b_fk_auth_user_id" FOREIGN KEY (user_id) REFERENCES auth_user(id) DEFERRABLE INITIALLY DEFERRED DEFERRABLE
) WITH (oids = false);

CREATE INDEX "auth_user_user_permissions_permission_id_1fbb5f2c" ON "public"."auth_user_user_permissions" USING btree ("permission_id");

CREATE INDEX "auth_user_user_permissions_user_id_a95ead1b" ON "public"."auth_user_user_permissions" USING btree ("user_id");


DROP TABLE IF EXISTS "django_admin_log";
DROP SEQUENCE IF EXISTS django_admin_log_id_seq;
CREATE SEQUENCE django_admin_log_id_seq INCREMENT 1 MINVALUE 1 MAXVALUE 2147483647 START 1 CACHE 1;

CREATE TABLE "public"."django_admin_log" (
    "id" integer DEFAULT nextval('django_admin_log_id_seq') NOT NULL,
    "action_time" timestamptz NOT NULL,
    "object_id" text,
    "object_repr" character varying(200) NOT NULL,
    "action_flag" smallint NOT NULL,
    "change_message" text NOT NULL,
    "content_type_id" integer,
    "user_id" integer NOT NULL,
    CONSTRAINT "django_admin_log_pkey" PRIMARY KEY ("id"),
    CONSTRAINT "django_admin_log_content_type_id_c4bce8eb_fk_django_co" FOREIGN KEY (content_type_id) REFERENCES django_content_type(id) DEFERRABLE INITIALLY DEFERRED DEFERRABLE,
    CONSTRAINT "django_admin_log_user_id_c564eba6_fk" FOREIGN KEY (user_id) REFERENCES auth_user(id) DEFERRABLE INITIALLY DEFERRED DEFERRABLE
) WITH (oids = false);

CREATE INDEX "django_admin_log_content_type_id_c4bce8eb" ON "public"."django_admin_log" USING btree ("content_type_id");

CREATE INDEX "django_admin_log_user_id_c564eba6" ON "public"."django_admin_log" USING btree ("user_id");


DROP TABLE IF EXISTS "django_content_type";
DROP SEQUENCE IF EXISTS django_content_type_id_seq;
CREATE SEQUENCE django_content_type_id_seq INCREMENT 1 MINVALUE 1 MAXVALUE 2147483647 START 1 CACHE 1;

CREATE TABLE "public"."django_content_type" (
    "id" integer DEFAULT nextval('django_content_type_id_seq') NOT NULL,
    "app_label" character varying(100) NOT NULL,
    "model" character varying(100) NOT NULL,
    CONSTRAINT "django_content_type_app_label_model_76bd3d3b_uniq" UNIQUE ("app_label", "model"),
    CONSTRAINT "django_content_type_pkey" PRIMARY KEY ("id")
) WITH (oids = false);

INSERT INTO "django_content_type" ("id", "app_label", "model") VALUES
(1,	'admin',	'logentry'),
(2,	'auth',	'permission'),
(3,	'auth',	'group'),
(4,	'auth',	'user'),
(5,	'contenttypes',	'contenttype'),
(6,	'sessions',	'session');

DROP TABLE IF EXISTS "django_migrations";
DROP SEQUENCE IF EXISTS django_migrations_id_seq;
CREATE SEQUENCE django_migrations_id_seq INCREMENT 1 MINVALUE 1 MAXVALUE 2147483647 START 1 CACHE 1;

CREATE TABLE "public"."django_migrations" (
    "id" integer DEFAULT nextval('django_migrations_id_seq') NOT NULL,
    "app" character varying(255) NOT NULL,
    "name" character varying(255) NOT NULL,
    "applied" timestamptz NOT NULL,
    CONSTRAINT "django_migrations_pkey" PRIMARY KEY ("id")
) WITH (oids = false);

INSERT INTO "django_migrations" ("id", "app", "name", "applied") VALUES
(1,	'contenttypes',	'0001_initial',	'2018-03-28 17:35:13.11176+00'),
(2,	'auth',	'0001_initial',	'2018-03-28 17:35:13.308267+00'),
(3,	'admin',	'0001_initial',	'2018-03-28 17:35:13.367532+00'),
(4,	'admin',	'0002_logentry_remove_auto_add',	'2018-03-28 17:35:13.382492+00'),
(5,	'contenttypes',	'0002_remove_content_type_name',	'2018-03-28 17:35:13.421937+00'),
(6,	'auth',	'0002_alter_permission_name_max_length',	'2018-03-28 17:35:13.431586+00'),
(7,	'auth',	'0003_alter_user_email_max_length',	'2018-03-28 17:35:13.449955+00'),
(8,	'auth',	'0004_alter_user_username_opts',	'2018-03-28 17:35:13.469241+00'),
(9,	'auth',	'0005_alter_user_last_login_null',	'2018-03-28 17:35:13.484672+00'),
(10,	'auth',	'0006_require_contenttypes_0002',	'2018-03-28 17:35:13.488143+00'),
(11,	'auth',	'0007_alter_validators_add_error_messages',	'2018-03-28 17:35:13.509414+00'),
(12,	'auth',	'0008_alter_user_username_max_length',	'2018-03-28 17:35:13.55825+00'),
(13,	'auth',	'0009_alter_user_last_name_max_length',	'2018-03-28 17:35:13.574677+00'),
(14,	'sessions',	'0001_initial',	'2018-03-28 17:35:13.617624+00');

DROP TABLE IF EXISTS "django_session";
CREATE TABLE "public"."django_session" (
    "session_key" character varying(40) NOT NULL,
    "session_data" text NOT NULL,
    "expire_date" timestamptz NOT NULL,
    CONSTRAINT "django_session_pkey" PRIMARY KEY ("session_key")
) WITH (oids = false);

CREATE INDEX "django_session_expire_date_a5c62663" ON "public"."django_session" USING btree ("expire_date");

CREATE INDEX "django_session_session_key_c0390e0f_like" ON "public"."django_session" USING btree ("session_key");


DROP TABLE IF EXISTS "friends";
DROP SEQUENCE IF EXISTS friends_id_seq;
CREATE SEQUENCE friends_id_seq INCREMENT 1 MINVALUE 1 MAXVALUE 2147483647 START 1 CACHE 1;

CREATE TABLE "public"."friends" (
    "id" integer DEFAULT nextval('friends_id_seq') NOT NULL,
    "from_user_id" integer NOT NULL,
    "to_user_id" integer NOT NULL,
    "since" timestamp DEFAULT now() NOT NULL,
    CONSTRAINT "friends_id" PRIMARY KEY ("id"),
    CONSTRAINT "friends_from_user_id_fkey" FOREIGN KEY (from_user_id) REFERENCES users(id) ON UPDATE CASCADE ON DELETE CASCADE NOT DEFERRABLE,
    CONSTRAINT "friends_to_user_id_fkey" FOREIGN KEY (to_user_id) REFERENCES users(id) ON UPDATE CASCADE ON DELETE CASCADE NOT DEFERRABLE
) WITH (oids = false);

INSERT INTO "friends" ("id", "from_user_id", "to_user_id", "since") VALUES
(1,	1,	2,	'2018-03-27 13:49:44.904366'),
(2,	2,	1,	'2018-03-27 13:56:07.434867');

DROP TABLE IF EXISTS "messages";
DROP SEQUENCE IF EXISTS messages_id_seq;
CREATE SEQUENCE messages_id_seq INCREMENT 1 MINVALUE 1 MAXVALUE 2147483647 START 1 CACHE 1;

CREATE TABLE "public"."messages" (
    "from_user_id" integer NOT NULL,
    "message" character varying(550) NOT NULL,
    "time" timestamp DEFAULT now() NOT NULL,
    "id" integer DEFAULT nextval('messages_id_seq') NOT NULL,
    CONSTRAINT "messages_id" PRIMARY KEY ("id"),
    CONSTRAINT "messages_from_user_id_fkey" FOREIGN KEY (from_user_id) REFERENCES users(id) ON UPDATE CASCADE ON DELETE CASCADE NOT DEFERRABLE
) WITH (oids = false);


DROP TABLE IF EXISTS "relation_rooms_messages";
DROP SEQUENCE IF EXISTS relation_rooms_messages_id_seq;
CREATE SEQUENCE relation_rooms_messages_id_seq INCREMENT 1 MINVALUE 1 MAXVALUE 2147483647 START 1 CACHE 1;

CREATE TABLE "public"."relation_rooms_messages" (
    "message_id" bigint NOT NULL,
    "from_user_id" integer NOT NULL,
    "room_id" integer NOT NULL,
    "id" integer DEFAULT nextval('relation_rooms_messages_id_seq') NOT NULL,
    CONSTRAINT "relation_rooms_messages_id" PRIMARY KEY ("id"),
    CONSTRAINT "relation_rooms_messages_from_user_id_fkey" FOREIGN KEY (from_user_id) REFERENCES users(id) ON UPDATE CASCADE ON DELETE CASCADE NOT DEFERRABLE,
    CONSTRAINT "relation_rooms_messages_message_id_fkey" FOREIGN KEY (message_id) REFERENCES messages(id) ON UPDATE CASCADE ON DELETE CASCADE NOT DEFERRABLE,
    CONSTRAINT "relation_rooms_messages_room_id_fkey" FOREIGN KEY (room_id) REFERENCES rooms(id) ON UPDATE CASCADE ON DELETE CASCADE NOT DEFERRABLE
) WITH (oids = false);


DROP TABLE IF EXISTS "relation_users_messages";
DROP SEQUENCE IF EXISTS relation_users_messages_id_seq;
CREATE SEQUENCE relation_users_messages_id_seq INCREMENT 1 MINVALUE 1 MAXVALUE 2147483647 START 1 CACHE 1;

CREATE TABLE "public"."relation_users_messages" (
    "user1_id" integer NOT NULL,
    "user2_id" integer NOT NULL,
    "message_id" bigint NOT NULL,
    "id" integer DEFAULT nextval('relation_users_messages_id_seq') NOT NULL,
    CONSTRAINT "relation_users_messages_id" PRIMARY KEY ("id"),
    CONSTRAINT "relation_users_messages_message_id_fkey" FOREIGN KEY (message_id) REFERENCES messages(id) ON UPDATE CASCADE ON DELETE CASCADE NOT DEFERRABLE,
    CONSTRAINT "relation_users_messages_user1_id_fkey" FOREIGN KEY (user1_id) REFERENCES users(id) ON UPDATE CASCADE ON DELETE CASCADE NOT DEFERRABLE,
    CONSTRAINT "relation_users_messages_user2_id_fkey" FOREIGN KEY (user2_id) REFERENCES users(id) ON UPDATE CASCADE ON DELETE CASCADE NOT DEFERRABLE
) WITH (oids = false);


DROP TABLE IF EXISTS "relation_users_rooms";
DROP SEQUENCE IF EXISTS relation_users_rooms_id_seq;
CREATE SEQUENCE relation_users_rooms_id_seq INCREMENT 1 MINVALUE 1 MAXVALUE 2147483647 START 1 CACHE 1;

CREATE TABLE "public"."relation_users_rooms" (
    "user_id" integer NOT NULL,
    "room_id" integer NOT NULL,
    "is_admin" boolean DEFAULT false NOT NULL,
    "id" integer DEFAULT nextval('relation_users_rooms_id_seq') NOT NULL,
    CONSTRAINT "relation_users_rooms_id" PRIMARY KEY ("id"),
    CONSTRAINT "relation_users_rooms_room_id_fkey" FOREIGN KEY (room_id) REFERENCES rooms(id) ON UPDATE CASCADE ON DELETE CASCADE NOT DEFERRABLE,
    CONSTRAINT "relation_users_rooms_user_id_fkey" FOREIGN KEY (user_id) REFERENCES users(id) ON UPDATE CASCADE ON DELETE CASCADE NOT DEFERRABLE
) WITH (oids = false);


DROP TABLE IF EXISTS "rooms";
DROP SEQUENCE IF EXISTS rooms_id_seq;
CREATE SEQUENCE rooms_id_seq INCREMENT 1 MINVALUE 1 MAXVALUE 2147483647 START 1 CACHE 1;

CREATE TABLE "public"."rooms" (
    "room_name" character varying(50) NOT NULL,
    "last_active" timestamp NOT NULL,
    "created" timestamp DEFAULT now() NOT NULL,
    "id" integer DEFAULT nextval('rooms_id_seq') NOT NULL,
    CONSTRAINT "rooms_id" PRIMARY KEY ("id")
) WITH (oids = false);


DROP TABLE IF EXISTS "users";
DROP SEQUENCE IF EXISTS users_id_seq;
CREATE SEQUENCE users_id_seq INCREMENT 1 MINVALUE 1 MAXVALUE 2147483647 START 1 CACHE 1;

CREATE TABLE "public"."users" (
    "user_name" character varying(50) NOT NULL,
    "first_name" character varying(50) NOT NULL,
    "last_name" character varying(50) NOT NULL,
    "password" character varying(72) NOT NULL,
    "is_super_user" boolean DEFAULT false NOT NULL,
    "created" timestamp DEFAULT now() NOT NULL,
    "last_active" timestamp NOT NULL,
    "id" integer DEFAULT nextval('users_id_seq') NOT NULL,
    CONSTRAINT "users_id" PRIMARY KEY ("id")
) WITH (oids = false);

INSERT INTO "users" ("user_name", "first_name", "last_name", "password", "is_super_user", "created", "last_active", "id") VALUES
('test1',	'Jan',	'Šilhan',	'098f6bcd4621d373cade4e832627b4f6',	'1',	'2018-03-27 13:47:49.062537',	'2018-03-27 13:47:49.062537',	1),
('test2',	'Test',	'Test',	'098f6bcd4621d373cade4e832627b4f6',	'1',	'2018-03-27 13:48:16.22729',	'2018-03-27 13:48:16.22729',	2);

-- 2018-03-31 15:09:37.500446+00